{"val_loss": [1.4012915740966796, 1.070458707523346, 0.8921738500595093, 0.90968736743927, 0.7754564093589783, 0.7133703132629394, 0.7166837657928466, 0.7048170665740967, 0.6601824853897095, 0.7115660716056824, 0.6367854842185974, 0.6541140809059143, 0.6278226002693176, 0.6006021122932435, 0.5946455177307128, 0.6014832807540893, 0.6132542743682862, 0.5679842873573303, 0.5819096948623658, 0.6481412199020385, 0.6283641025543213, 0.6010800664901733, 0.626653489112854, 0.5801201595306397, 0.5981523902893067, 0.5977940819740295, 0.5631791379928589, 0.576707170677185, 0.5594238354682922, 0.6143658829689026, 0.5743660147666931, 0.577773651599884, 0.5915447144508362, 0.6622281837463379, 0.5612961610794067, 0.5620572303771972, 0.5691480672836303, 0.5682801300048829, 3.100535185623169, 0.575922285079956, 0.5573849200248718, 0.5529960066795349, 0.5615640273094177, 0.6095024063110351, 0.5541386693000794, 0.6166592837333679, 0.5537144404411316, 0.5705341519355774, 0.6001754188537598, 0.5924322374343872, 0.5783663208961487, 0.5925743511199951, 0.6142817783355713, 0.6255685041427612, 0.6024028842926026, 0.6141498010635376, 0.6556956710815429, 0.5891537379264832, 0.5858670922279358, 0.5884101153373719, 0.6014764469146728, 0.5854563858032227, 0.5931109394073486, 0.6063096048355102, 0.6062727760314941, 0.6087775004386902, 0.6164306254386902, 0.6069029766082764, 0.6326123239517212, 0.608049209022522, 0.6131663426399231, 0.6174556201934814, 0.6350539880752564, 0.6348786931037903, 0.597580196762085, 0.6020283489227295, 0.6125871300697326, 0.6131212545394897, 0.6235190831184387, 0.6271183721542358, 0.6132132986068726, 0.6193794852256775, 0.6465163269996643, 0.6123263173103333, 0.6095605565547944, 0.658713581752777, 0.602571718120575, 0.6001392593383789, 0.6074327385902405, 0.6436226431846619, 0.6614366589546203, 0.605577401638031, 0.619306191444397, 0.6734091070175171, 0.6406195261955261, 0.6318758031845093, 0.6388324012756348, 0.6085029906272889, 0.617824095249176, 0.6568471044540405], "val_acc": [0.5268, 0.6329, 0.6836, 0.6845, 0.7308, 0.7549, 0.7538, 0.7531, 0.7699, 0.7469, 0.7803, 0.7811, 0.7858, 0.7948, 0.7944, 0.7968, 0.7982, 0.8058, 0.7994, 0.7856, 0.7943, 0.7995, 0.7979, 0.8041, 0.8076, 0.8118, 0.8147, 0.8142, 0.8163, 0.8055, 0.817, 0.8172, 0.8098, 0.7962, 0.8206, 0.8198, 0.8207, 0.8232, 0.4725, 0.808, 0.8148, 0.8185, 0.8239, 0.8098, 0.8299, 0.8189, 0.8331, 0.8265, 0.8227, 0.8233, 0.8254, 0.8234, 0.8189, 0.8159, 0.8251, 0.8192, 0.8087, 0.827, 0.8217, 0.8289, 0.8233, 0.8309, 0.8251, 0.8306, 0.8246, 0.8278, 0.8258, 0.8297, 0.8246, 0.8286, 0.8286, 0.822, 0.8239, 0.8236, 0.8313, 0.8314, 0.8289, 0.8332, 0.8286, 0.832, 0.83, 0.8301, 0.8292, 0.8297, 0.8324, 0.8249, 0.8287, 0.8347, 0.8349, 0.8368, 0.8272, 0.8314, 0.8332, 0.8202, 0.8369, 0.8369, 0.8292, 0.8335, 0.836, 0.8282], "loss": [1.5856369901275635, 1.1572483673858642, 0.9923371380615235, 0.8965757904434204, 0.8344350559616089, 0.7696046699428558, 0.7272104920578003, 0.6852707698059082, 0.6529610821533203, 0.6219533515167236, 0.596205333366394, 0.5794424477767944, 0.5499746670150757, 0.5291055030822754, 0.5069183683204651, 0.49161932258605956, 0.47009332706928253, 0.45638510444164276, 0.4453316104793549, 0.42802368425369264, 0.41843757549285887, 0.4013835062599182, 0.396118710231781, 0.38523415199279787, 0.36841240873336795, 0.36320985733032224, 0.3517567809677124, 0.33527927074432373, 0.336289913816452, 0.32385162927627564, 0.3121491638183594, 0.31159579826354983, 0.30520746953964234, 0.2925713639044762, 0.2873863162612915, 0.27398140146255495, 0.28453682099819183, 0.2716247360801697, 0.2599200408267975, 0.7221656964302063, 0.36871716856002806, 0.31422707609176637, 0.28329970889091494, 0.2666734579086304, 0.25816707094669344, 0.25196081453323366, 0.243438008852005, 0.24493761392593383, 0.23443249059677124, 0.23173458673477174, 0.22357679332733155, 0.22013384701251984, 0.215599571352005, 0.20874802077054977, 0.21355910259723662, 0.20331711691856386, 0.20052934280872345, 0.21693812306404114, 0.206248644592762, 0.19164347104787827, 0.1866705399131775, 0.18907005089759826, 0.18197493602752685, 0.18092420610308646, 0.1817174025323987, 0.17575361180782317, 0.1699552688741684, 0.17309345925807954, 0.1713755227264762, 0.1623639771938324, 0.16371769561767577, 0.1640914966583252, 0.16097316448926927, 0.16990879299640654, 0.15991648415803908, 0.1592137316465378, 0.15627282205343246, 0.15588292996883393, 0.14832432988405228, 0.14794764161467552, 0.14817468809127807, 0.15003914132654667, 0.1402965343284607, 0.13851220698356628, 0.14192685490846635, 0.13743637420892715, 0.13906820941567422, 0.1394150334429741, 0.137059107298851, 0.1380954820251465, 0.13578704241514206, 0.1381466263577342, 0.12747050748765468, 0.13400265876054765, 0.12849978796601297, 0.12591552442073822, 0.12601505392313003, 0.12685024490833283, 0.1244170584833622, 0.12447800439834594], "acc": [0.44988, 0.59496, 0.65272, 0.68726, 0.70912, 0.72998, 0.74586, 0.75964, 0.77142, 0.78218, 0.7903, 0.79642, 0.80548, 0.81426, 0.82168, 0.8257, 0.8327, 0.83938, 0.84246, 0.84844, 0.85106, 0.85706, 0.8588, 0.86354, 0.8683, 0.87068, 0.87448, 0.88012, 0.87926, 0.88328, 0.888, 0.88776, 0.89074, 0.8955, 0.89616, 0.90152, 0.89804, 0.90452, 0.90636, 0.7609, 0.86674, 0.88896, 0.8998, 0.9035, 0.90658, 0.90882, 0.91392, 0.9112, 0.91538, 0.91556, 0.91932, 0.92008, 0.92242, 0.92534, 0.92332, 0.9262, 0.9282, 0.92152, 0.92748, 0.93158, 0.93308, 0.93156, 0.93524, 0.93612, 0.93554, 0.9377, 0.93856, 0.93886, 0.9383, 0.9408, 0.9418, 0.94136, 0.943, 0.93858, 0.9433, 0.94386, 0.94454, 0.94452, 0.94774, 0.94832, 0.9476, 0.94696, 0.94958, 0.94996, 0.94964, 0.9499, 0.95056, 0.95046, 0.95046, 0.95046, 0.95018, 0.95052, 0.95528, 0.95266, 0.95492, 0.955, 0.95532, 0.95576, 0.95654, 0.9553]}